genetics_APOE4_allele_count,genetics_polygenic_risk_score,survival_duration_years,survival_event_occurred,predicted_phs
0,0.1,5.2,0,0.26813393173204036
1,0.3,3.1,1,0.6263355936841726
2,0.5,7.8,0,1.4630609165413138
0,0.2,6.5,0,0.6666537183768166
1,0.4,2.9,1,1.5572402559575422
0,0.15,8.1,0,0.42279129912068925
2,0.6,4.3,1,3.637566472559619
1,0.35,5.9,0,0.9876006278977649
0,0.25,7.2,0,1.051173903412734
1,0.45,3.7,1,2.4554431682942828
